BOAMP_AVIS_NUM,D_11_01_Conditiondelai_Receptcandidat,D_11_02_Conditiondelai_Receptoffres,D_11_03_Conditiondelai_Limiteenvoiinvit,D_11_04_Conditiondelai_Validiteoffre,D_11_04_01_Conditiondelai_Validiteoffre_Jusquau,D_11_04_02_Conditiondelai_Validiteoffre_Dureemois,D_11_04_03_Conditiondelai_Validiteoffre_Dureejour,D_11_05_Conditiondelai_Dureesystemequalification
21-158770,,2021-12-15 11:00:00,,CF_NIV_SUIV,,,120.0,
21-158774,,2022-01-06 08:00:00,,CF_NIV_SUIV,,,120.0,
21-158775,,2022-01-07 16:00:00,,CF_NIV_SUIV,,4.0,,
21-158780,,2021-12-24 14:00:00,,CF_NIV_SUIV,,4.0,,
21-158781,,2021-12-14 15:00:00,,CF_NIV_SUIV,,,,
21-158785,,2022-01-03 11:00:00,,CF_NIV_SUIV,,,,
21-158788,,2022-01-14 10:00:00,,CF_NIV_SUIV,,,180.0,
21-158789,,2022-01-10 15:00:00,,CF_NIV_SUIV,,6.0,,
21-158791,,2022-01-11 11:00:00,,CF_NIV_SUIV,,4.0,,
21-158797,,2022-01-11 11:00:00,,CF_NIV_SUIV,,6.0,,
21-158798,,2022-01-06 15:00:00,,CF_NIV_SUIV,,6.0,,
21-158800,,2022-01-03 11:00:00,,CF_NIV_SUIV,,,120.0,
21-158801,,2022-01-03 11:00:00,,CF_NIV_SUIV,,,120.0,
21-158810,,2021-12-23 15:00:00,,CF_NIV_SUIV,,,,
21-158813,,2022-01-13 15:00:00,,CF_NIV_SUIV,,6.0,,
21-158814,,2021-12-27 11:00:00,,CF_NIV_SUIV,,4.0,,
21-158821,,2021-12-14 11:00:00,,CF_NIV_SUIV,,3.0,,
21-158825,,2022-01-14 15:00:00,,CF_NIV_SUIV,,,,
21-158827,,2022-01-12 14:00:00,,CF_NIV_SUIV,,,90.0,
21-158828,,2021-12-17 10:00:00,,CF_NIV_SUIV,,,120.0,
21-158831,,2022-01-03 10:30:00,,CF_NIV_SUIV,,,90.0,
21-158835,,2022-01-05 16:30:00,,CF_NIV_SUIV,,,180.0,
21-158836,,2022-01-28 11:00:00,,CF_NIV_SUIV,,,120.0,
21-158839,,2022-01-03 11:00:00,,CF_NIV_SUIV,,,120.0,
21-158840,2021-12-20 16:00:00,,2022-01-18 23:00:00,CF_NIV_SUIV,,,90.0,
21-158843,,2022-01-14 22:59:00,,CF_NIV_SUIV,,3.0,,
21-158848,,2022-01-17 11:00:00,,CF_NIV_SUIV,,,120.0,
21-158852,,2022-01-03 16:00:00,,CF_NIV_SUIV,,,,
21-158853,,2022-01-14 11:00:00,,CF_NIV_SUIV,,,,
21-158855,,2022-01-07 11:00:00,,CF_NIV_SUIV,,4.0,,
21-158856,,2022-01-04 13:00:00,,CF_NIV_SUIV,,3.0,,
21-158859,,2022-01-13 15:00:00,,CF_NIV_SUIV,,,,
21-158860,,2022-01-28 15:00:00,,CF_NIV_SUIV,,6.0,,
21-158861,,2021-12-28 11:00:00,,CF_NIV_SUIV,,,120.0,
21-158863,,2022-01-10 15:00:00,,CF_NIV_SUIV,,4.0,,
21-158864,,2022-01-11 15:00:00,,CF_NIV_SUIV,,4.0,,
21-158867,,2022-01-13 11:00:00,,CF_NIV_SUIV,,4.0,,
21-158883,,2022-01-31 11:00:00,,CF_NIV_SUIV,,4.0,,
21-158884,,2022-01-05 15:00:00,,CF_NIV_SUIV,,4.0,,
21-158886,,2022-01-04 11:00:00,,CF_NIV_SUIV,,4.0,,
21-158888,,2021-12-29 11:00:00,,CF_NIV_SUIV,,,,
21-158890,,2022-01-05 16:00:00,,CF_NIV_SUIV,,,120.0,
21-158892,,2021-12-22 11:00:00,,CF_NIV_SUIV,,6.0,,
21-158896,,2022-01-13 10:00:00,,CF_NIV_SUIV,,,140.0,
21-158898,,2022-01-28 11:00:00,,CF_NIV_SUIV,,,120.0,
21-158899,,2022-01-04 16:00:00,,CF_NIV_SUIV,,4.0,,
21-158900,,2022-01-24 15:00:00,,CF_NIV_SUIV,,,,
21-158903,,2022-01-17 11:00:00,,CF_NIV_SUIV,,3.0,,
21-158905,,,,CF_NIV_SUIV,,6.0,,
21-158909,,2021-12-23 11:00:00,,CF_NIV_SUIV,,,,
21-158912,,2022-01-03 11:00:00,,CF_NIV_SUIV,,10.0,,
21-158916,,2022-01-17 11:00:00,,CF_NIV_SUIV,,,,
21-158917,,2022-01-27 11:00:00,,CF_NIV_SUIV,,,180.0,
21-158919,,2022-01-03 11:00:00,,CF_NIV_SUIV,,3.0,,
21-158920,,2022-01-03 11:00:00,,CF_NIV_SUIV,,,120.0,
21-158922,,2022-01-17 16:00:00,,CF_NIV_SUIV,,6.0,,
21-158923,,2021-12-30 11:00:00,,CF_NIV_SUIV,,,60.0,
21-158925,,2022-01-11 11:00:00,,CF_NIV_SUIV,,,150.0,
21-158926,,2022-01-14 11:00:00,,CF_NIV_SUIV,,,,
21-158927,,2022-01-14 11:00:00,,CF_NIV_SUIV,,,,
21-158928,,2022-01-17 11:00:00,,CF_NIV_SUIV,,4.0,,
21-158929,,2022-01-12 11:30:00,,CF_NIV_SUIV,,,,
21-158931,,2022-01-17 15:00:00,,CF_NIV_SUIV,,6.0,,
21-158932,,2022-01-06 16:00:00,,CF_NIV_SUIV,,4.0,,
21-158933,,2022-01-28 16:00:00,,CF_NIV_SUIV,,,120.0,
21-158935,,2022-01-04 11:15:00,,CF_NIV_SUIV,,4.0,,
21-158942,,2022-02-02 16:00:00,,CF_NIV_SUIV,,,120.0,
21-158943,,2022-01-11 11:00:00,,CF_NIV_SUIV,,,120.0,
21-158944,,2022-01-19 11:00:00,,CF_NIV_SUIV,,6.0,,
21-158945,,2021-12-22 11:00:00,,CF_NIV_SUIV,,,120.0,
21-158946,,2022-01-24 14:00:00,,CF_NIV_SUIV,,4.0,,
21-158947,,2022-01-14 11:00:00,,CF_NIV_SUIV,,,,
21-158949,,2022-01-07 13:00:00,,CF_NIV_SUIV,,6.0,,
21-158951,,2022-01-07 15:00:00,,CF_NIV_SUIV,,6.0,,
21-158953,,2021-12-23 11:00:00,,CF_NIV_SUIV,,,80.0,
21-158954,,2022-01-05 10:30:00,,CF_NIV_SUIV,,6.0,,
21-158956,,2021-12-22 11:00:00,,CF_NIV_SUIV,,4.0,,
21-158958,,2021-12-15 11:00:00,,CF_NIV_SUIV,,3.0,,
21-158960,,2021-12-16 11:00:00,,CF_NIV_SUIV,,,90.0,
21-158961,,2022-01-31 11:00:00,,CF_NIV_SUIV,,,120.0,
21-158965,,2022-01-19 15:13:00,,CF_NIV_SUIV,,4.0,,
21-158966,,2022-01-04 11:00:00,,CF_NIV_SUIV,,,60.0,
21-158967,,2022-01-14 11:00:00,,CF_NIV_SUIV,,,120.0,
21-158970,,2022-01-12 11:00:00,,CF_NIV_SUIV,,4.0,,
21-158975,,2022-01-04 16:00:00,,CF_NIV_SUIV,,6.0,,
21-158976,,2022-01-11 11:00:00,,CF_NIV_SUIV,,4.0,,
21-158977,,2022-01-21 11:00:00,,CF_NIV_SUIV,,180.0,,
21-158978,,2022-01-05 11:00:00,,CF_NIV_SUIV,,4.0,,
21-158979,,2022-01-03 11:00:00,,CF_NIV_SUIV,,,,
21-158980,,2022-01-10 11:00:00,,CF_NIV_SUIV,,4.0,,
21-158981,,2021-12-31 11:00:00,,CF_NIV_SUIV,,,120.0,
21-158982,,2022-01-04 11:00:00,,CF_NIV_SUIV,,4.0,,
21-158993,,2022-01-05 17:00:00,,CF_NIV_SUIV,,4.0,,
21-158994,,2022-01-03 11:00:00,,CF_NIV_SUIV,,4.0,,
21-158996,,2021-12-22 12:00:00,,CF_NIV_SUIV,,,90.0,
21-158998,,2022-01-04 08:00:00,,CF_NIV_SUIV,,,,
21-159000,,2022-01-03 11:00:00,,CF_NIV_SUIV,,8.0,,
21-159001,,2022-01-14 11:00:00,,CF_NIV_SUIV,,,,
21-159005,,2022-01-28 11:00:00,,CF_NIV_SUIV,,,120.0,
21-159009,2022-01-06 10:00:00,,,CF_NIV_SUIV,,,,
21-159018,,2022-01-20 16:30:00,,CF_NIV_SUIV,,,,
21-159019,,2022-01-14 11:00:00,,CF_NIV_SUIV,,,90.0,
21-159021,,2021-12-13 11:00:00,,CF_NIV_SUIV,,,90.0,
21-159022,,2021-12-23 13:00:00,,CF_NIV_SUIV,,,,
21-159024,,2021-12-17 15:00:00,,CF_NIV_SUIV,,4.0,,
21-159030,,2022-01-20 11:00:00,,CF_NIV_SUIV,,4.0,,
21-159032,,2022-01-10 11:00:00,,CF_NIV_SUIV,,4.0,,
21-159033,,2022-01-24 11:00:00,,CF_NIV_SUIV,,,,
21-159035,,2022-01-17 09:00:00,,CF_NIV_SUIV,,4.0,,
21-159036,,2022-01-19 11:00:00,,CF_NIV_SUIV,,6.0,,
21-159037,,2022-01-07 11:00:00,,CF_NIV_SUIV,,,,
21-159038,,2021-12-13 11:00:00,,CF_NIV_SUIV,,,120.0,
21-159041,,2022-01-05 11:00:00,,CF_NIV_SUIV,,,,
21-159042,,2022-01-06 17:30:00,,CF_NIV_SUIV,,,,
21-159043,,2022-01-03 11:00:00,,CF_NIV_SUIV,,5.0,,
21-159044,,2022-01-07 11:00:00,,CF_NIV_SUIV,,,,
21-159045,,2021-12-17 11:00:00,,CF_NIV_SUIV,,6.0,,
21-159046,,2021-12-27 11:00:00,,CF_NIV_SUIV,,6.0,,
21-159050,,2022-01-14 16:00:00,,CF_NIV_SUIV,,4.0,,
21-159056,,2021-12-23 11:00:00,,CF_NIV_SUIV,,,120.0,
21-159057,,2022-01-03 16:00:00,,CF_NIV_SUIV,,,120.0,
21-159058,,2022-01-06 11:00:00,2022-01-16 23:00:00,CF_NIV_SUIV,,6.0,,
21-159059,,2022-01-18 11:00:00,2022-03-21 23:00:00,CF_NIV_SUIV,,,,
21-159061,,2022-01-07 11:00:00,,CF_NIV_SUIV,,4.0,,
21-159062,,2022-01-04 10:00:00,,CF_NIV_SUIV,,,4.0,
21-159063,,2022-01-07 11:00:00,,CF_NIV_SUIV,,,180.0,
21-159064,,2022-01-07 16:00:00,,CF_NIV_SUIV,,4.0,,
21-159065,,2022-01-05 11:00:00,,CF_NIV_SUIV,,6.0,,
21-159066,,2022-01-14 10:00:00,,CF_NIV_SUIV,,4.0,,
21-159070,,2022-01-10 11:00:00,,CF_NIV_SUIV,,6.0,,
21-159071,,2022-01-06 11:00:00,,CF_NIV_SUIV,,,,
21-159076,,2022-01-12 11:00:00,,CF_NIV_SUIV,,,,
21-159078,,2022-01-10 11:00:00,,CF_NIV_SUIV,,3.0,,
21-159085,,2022-01-14 11:00:00,,CF_NIV_SUIV,,,180.0,
21-159086,,2022-01-18 11:00:00,,CF_NIV_SUIV,,,,
21-159087,,2022-02-03 11:00:00,,CF_NIV_SUIV,,3.0,,
21-159088,,2022-01-07 11:00:00,,CF_NIV_SUIV,,,90.0,
21-159089,,2022-01-07 15:00:00,,CF_NIV_SUIV,,6.0,,
21-159090,,2022-01-18 11:00:00,,CF_NIV_SUIV,,4.0,,
21-159091,,2022-01-14 08:00:00,,CF_NIV_SUIV,,,,
21-159096,,2021-12-27 16:00:00,,CF_NIV_SUIV,,6.0,,
21-159097,,2022-01-07 11:00:00,,CF_NIV_SUIV,,5.0,,
21-159098,,2022-02-03 11:00:00,,CF_NIV_SUIV,,,180.0,
21-159099,,2022-01-10 11:00:00,,CF_NIV_SUIV,,4.0,,
21-159100,,2022-01-04 13:00:00,,CF_NIV_SUIV,,,120.0,
21-159101,,2021-12-21 11:00:00,,CF_NIV_SUIV,,,,
21-159102,,2021-12-20 11:00:00,,CF_NIV_SUIV,,4.0,,
21-159104,,2022-01-07 11:00:00,,CF_NIV_SUIV,,3.0,,
21-159121,,2022-01-07 11:00:00,,CF_NIV_SUIV,,4.0,,
21-159126,,2022-01-10 11:00:00,,CF_NIV_SUIV,,6.0,,
21-159138,2021-12-14 13:00:00,2021-12-15 13:00:00,,CF_NIV_SUIV,,4.0,,
21-159143,,2021-12-24 11:00:00,,CF_NIV_SUIV,,,,
21-159144,,2022-01-25 11:00:00,,CF_NIV_SUIV,,3.0,,
21-159147,,2022-01-11 15:00:00,,CF_NIV_SUIV,,3.0,,
21-159148,,2022-01-07 11:00:00,,CF_NIV_SUIV,,4.0,,
21-159149,,2021-12-17 11:00:00,,CF_NIV_SUIV,,,120.0,
21-159151,,2022-01-13 11:00:00,,CF_NIV_SUIV,,,,
21-159152,,2022-02-03 17:00:00,,CF_NIV_SUIV,,,,
21-159153,,2022-01-14 11:00:00,,CF_NIV_SUIV,,,90.0,
21-159154,,2022-01-04 11:00:00,,CF_NIV_SUIV,,4.0,,
21-159155,,2022-01-07 16:00:00,,CF_NIV_SUIV,,,120.0,
21-159156,,2022-01-06 15:00:00,,CF_NIV_SUIV,,,,
21-159157,,2021-12-17 15:30:00,,CF_NIV_SUIV,,,180.0,
21-159159,,2022-01-03 10:00:00,,CF_NIV_SUIV,,,120.0,
21-159162,,2022-01-17 15:00:00,,CF_NIV_SUIV,,3.0,,
21-159163,,2022-01-07 11:00:00,,CF_NIV_SUIV,,,180.0,
21-159165,,2022-01-03 11:00:00,,CF_NIV_SUIV,,,,
21-159171,,2021-12-17 11:00:00,,CF_NIV_SUIV,,,,
21-159174,,2022-01-10 11:00:00,,CF_NIV_SUIV,,4.0,,
21-159176,,2022-01-06 11:00:00,,CF_NIV_SUIV,,3.0,,
21-159177,2021-12-22 11:00:00,,,CF_NIV_SUIV,,,180.0,
21-159182,,2022-01-10 11:00:00,,CF_NIV_SUIV,,4.0,,
21-159183,,2022-01-07 11:00:00,,CF_NIV_SUIV,,,120.0,
21-159185,,2022-01-13 11:00:00,,CF_NIV_SUIV,,6.0,,
21-159187,,2022-01-11 11:00:00,,CF_NIV_SUIV,,6.0,,
21-159189,,2022-01-14 10:00:00,,CF_NIV_SUIV,,,120.0,
21-159193,,2022-01-13 11:00:00,,CF_NIV_SUIV,,4.0,,
21-159195,,2022-01-14 15:00:00,,CF_NIV_SUIV,,7.0,,
21-159198,,2022-01-14 11:00:00,,CF_NIV_SUIV,,6.0,,
21-159199,,2022-01-03 16:00:00,,CF_NIV_SUIV,,4.0,,
21-159201,,2022-01-17 11:00:00,,CF_NIV_SUIV,,4.0,,
21-159202,,2022-01-12 16:00:00,,CF_NIV_SUIV,,4.0,,
21-159203,,2022-01-04 11:00:00,,CF_NIV_SUIV,,4.0,,
21-159204,,2022-01-14 15:00:00,,CF_NIV_SUIV,,,180.0,
21-159205,,2022-01-14 11:00:00,,CF_NIV_SUIV,,4.0,,
21-159208,,2022-01-05 15:00:00,,CF_NIV_SUIV,,4.0,,
21-159210,,2022-01-05 22:59:00,,CF_NIV_SUIV,,4.0,,
21-159211,,2022-01-14 11:00:00,,CF_NIV_SUIV,,4.0,,
21-159212,,2022-01-24 15:00:00,,CF_NIV_SUIV,,,180.0,
21-159213,,2022-01-10 11:00:00,,CF_NIV_SUIV,,4.0,,
21-159214,,2022-01-07 11:00:00,,CF_NIV_SUIV,,6.0,,
21-159215,,2022-01-05 11:00:00,,CF_NIV_SUIV,,,120.0,
21-159216,,2022-01-17 13:00:00,,CF_NIV_SUIV,,,,
21-159218,,2022-01-03 16:00:00,,CF_NIV_SUIV,,6.0,,
21-159222,,2022-01-04 11:00:00,,CF_NIV_SUIV,,4.0,,
21-159230,,2022-01-07 11:00:00,,CF_NIV_SUIV,,4.0,,
21-159231,,2022-01-11 11:00:00,,CF_NIV_SUIV,,,240.0,
21-159232,,2022-01-14 16:00:00,,CF_NIV_SUIV,,4.0,,
21-159233,,2021-12-16 11:00:00,,CF_NIV_SUIV,,,,
21-159234,,2022-01-14 11:00:00,,CF_NIV_SUIV,,6.0,,
21-159236,,2022-01-21 16:00:00,,CF_NIV_SUIV,,,120.0,
21-159237,,2022-01-05 11:00:00,,CF_NIV_SUIV,,,120.0,
21-159238,,2022-01-11 11:30:00,,CF_NIV_SUIV,,6.0,,
21-159239,,2021-12-24 15:00:00,,CF_NIV_SUIV,,3.0,,
21-159241,,2022-01-14 15:00:00,,CF_NIV_SUIV,,,,
21-159243,,2022-01-06 10:00:00,,CF_NIV_SUIV,,,120.0,
21-159244,,2022-01-07 11:00:00,,CF_NIV_SUIV,,,,
21-159245,,2021-12-20 07:00:00,,CF_NIV_SUIV,,,,
21-159246,,2021-12-23 11:00:00,,CF_NIV_SUIV,,90.0,,
21-159247,,2022-01-10 15:00:00,,CF_NIV_SUIV,,,,
21-159251,,2022-01-05 11:00:00,,CF_NIV_SUIV,,6.0,,
21-159252,,2022-01-07 15:00:00,,CF_NIV_SUIV,,,,
21-159253,,2022-01-11 11:00:00,,CF_NIV_SUIV,,,,
21-159254,,2022-01-10 16:00:00,,CF_NIV_SUIV,,,,
21-159255,,2022-01-17 11:00:00,,CF_NIV_SUIV,,3.0,,
21-159263,,2022-01-10 11:00:00,,CF_NIV_SUIV,,4.0,,
21-159264,,2022-01-03 11:00:00,,CF_NIV_SUIV,,,,
21-159265,,2022-01-24 11:00:00,,CF_NIV_SUIV,,,180.0,
21-159267,,2022-01-07 11:00:00,,CF_NIV_SUIV,,4.0,,
21-159268,,2022-01-18 16:00:00,,CF_NIV_SUIV,,4.0,,
21-159269,,2022-01-10 11:00:00,,CF_NIV_SUIV,,4.0,,
21-159270,,2022-01-10 11:00:00,,CF_NIV_SUIV,,,,
21-159271,,2022-01-18 10:00:00,,CF_NIV_SUIV,,4.0,,
21-159272,,2022-01-03 11:00:00,,CF_NIV_SUIV,,,120.0,
21-159273,,2021-12-20 08:51:00,,CF_NIV_SUIV,,4.0,,
21-159274,,2022-01-07 11:00:00,,CF_NIV_SUIV,,,120.0,
21-159275,,2021-12-23 16:00:00,,CF_NIV_SUIV,,,120.0,
21-159276,,2022-01-07 15:00:00,,CF_NIV_SUIV,,,180.0,
21-159277,,2022-01-13 19:00:00,,CF_NIV_SUIV,,,,
21-159278,,2021-12-22 11:00:00,,CF_NIV_SUIV,,4.0,,
21-159279,,2021-12-23 11:00:00,,CF_NIV_SUIV,,,120.0,
21-159290,,2022-01-04 11:00:00,,CF_NIV_SUIV,,,120.0,
21-159291,,2022-01-07 11:00:00,,CF_NIV_SUIV,,4.0,,
21-159294,,2022-01-10 11:00:00,,CF_NIV_SUIV,,,,
21-159295,,2022-01-03 13:00:00,,CF_NIV_SUIV,,3.0,,
21-159296,,2022-03-30 11:00:00,,CF_NIV_SUIV,,4.0,,
21-159300,,2022-01-07 11:00:00,,CF_NIV_SUIV,,4.0,,
21-159301,,2022-01-12 15:00:00,,CF_NIV_SUIV,,3.0,,
21-159302,2022-01-06 14:00:00,,,CF_NIV_SUIV,,,180.0,
21-159304,,2022-01-21 11:00:00,,CF_NIV_SUIV,,,,
21-159305,,2021-12-27 15:00:00,,CF_NIV_SUIV,,3.0,,
21-159307,,2022-01-05 11:00:00,,CF_NIV_SUIV,,,120.0,
21-159309,,2021-12-21 11:00:00,,CF_NIV_SUIV,,4.0,,
21-159310,,2021-12-31 16:00:00,,CF_NIV_SUIV,,,120.0,
21-159311,,2021-12-30 15:00:00,,CF_NIV_SUIV,,3.0,,
21-159313,,2022-01-03 13:00:00,,CF_NIV_SUIV,,6.0,,
21-159314,,2022-01-03 11:00:00,,CF_NIV_SUIV,,5.0,,
21-159315,,2022-12-02 17:00:00,,CF_NIV_SUIV,,,,
21-159316,,2022-01-20 11:00:00,,CF_NIV_SUIV,,,120.0,
21-159317,,2022-01-17 11:00:00,,CF_NIV_SUIV,,4.0,,
21-159318,,2022-01-05 11:30:00,,CF_NIV_SUIV,,,90.0,
21-159319,,2022-01-04 11:00:00,,CF_NIV_SUIV,,6.0,,
21-159320,,2022-01-10 16:00:00,,CF_NIV_SUIV,,4.0,,
21-159321,,2022-01-11 11:00:00,,CF_NIV_SUIV,,6.0,,
21-159324,,2022-02-02 11:00:00,,CF_NIV_SUIV,,,,
21-159325,,2021-12-24 17:00:00,,CF_NIV_SUIV,,,,
21-159327,,2022-01-06 11:00:00,,CF_NIV_SUIV,,,,
21-159328,,2022-01-06 16:00:00,,CF_NIV_SUIV,,,120.0,
21-159330,,2022-01-17 11:00:00,,CF_NIV_SUIV,,6.0,,
21-159331,,2022-01-17 11:00:00,,CF_NIV_SUIV,,6.0,,
21-159332,,2022-01-14 11:00:00,,CF_NIV_SUIV,,,,
21-159333,,2022-02-15 11:00:00,,CF_NIV_SUIV,,6.0,,
21-159334,,2022-01-03 13:00:00,,CF_NIV_SUIV,,,90.0,
21-159335,,2021-12-30 11:00:00,,CF_NIV_SUIV,,120.0,,
21-159338,,2021-12-21 11:00:00,2022-01-09 23:00:00,CF_NIV_SUIV,,6.0,,
21-159340,,2022-01-06 11:00:00,,CF_NIV_SUIV,,6.0,,
21-159342,,2022-01-04 11:00:00,,CF_NIV_SUIV,,,,
21-159345,,2021-12-20 11:00:00,,CF_NIV_SUIV,,,120.0,
21-159346,,2021-12-23 11:00:00,,CF_NIV_SUIV,,4.0,,
21-159347,,2022-02-11 11:00:00,,CF_NIV_SUIV,,,,
21-159351,,2021-12-24 11:00:00,,CF_NIV_SUIV,,,90.0,
21-159355,,2022-01-20 15:00:00,,CF_NIV_SUIV,,150.0,,
21-159360,,2021-12-29 13:00:00,,CF_NIV_SUIV,,,120.0,
21-159361,,2022-01-03 14:00:00,,CF_NIV_SUIV,,4.0,,
21-159365,,2022-01-18 11:00:00,,CF_NIV_SUIV,,9.0,,
21-159366,,2022-01-05 11:00:00,,CF_NIV_SUIV,,,90.0,
21-159371,,2022-01-12 11:00:00,,CF_NIV_SUIV,,,,
21-159374,,2021-12-22 11:00:00,,CF_NIV_SUIV,,,120.0,
21-159376,,2022-01-11 13:00:00,,CF_NIV_SUIV,,3.0,,
21-159387,,2022-01-18 11:00:00,2022-03-31 22:00:00,CF_NIV_SUIV,,,,
21-159389,,2022-01-11 11:00:00,,CF_NIV_SUIV,,5.0,,
21-159391,,2022-01-03 11:00:00,,CF_NIV_SUIV,,,,
21-159392,,2022-01-11 11:00:00,,CF_NIV_SUIV,,5.0,,
21-159396,,2022-01-13 11:00:00,,CF_NIV_SUIV,,5.0,,
21-159401,,2022-02-01 11:00:00,2022-03-14 23:00:00,CF_NIV_SUIV,,,,
21-159402,,2022-01-07 11:00:00,,CF_NIV_SUIV,,,,
21-159405,,2022-01-17 11:00:00,,CF_NIV_SUIV,,,90.0,
21-159406,,2022-01-10 11:00:00,,CF_NIV_SUIV,,,120.0,
21-159410,,2022-01-07 11:00:00,,CF_NIV_SUIV,,,120.0,
21-159412,,2021-12-23 16:00:00,,CF_NIV_SUIV,,,120.0,
21-159413,,2022-01-24 11:00:00,,CF_NIV_SUIV,,,,
21-159414,,2022-01-03 11:00:00,,CF_NIV_SUIV,,,,
21-159418,,2022-01-20 13:00:00,,CF_NIV_SUIV,,8.0,,
21-159420,,2022-01-03 11:00:00,,CF_NIV_SUIV,,5.0,,
21-159422,,2022-01-14 11:00:00,,CF_NIV_SUIV,,4.0,,
21-159424,,2022-01-10 16:00:00,,CF_NIV_SUIV,,6.0,,
21-159425,,2022-01-20 13:00:00,,CF_NIV_SUIV,,8.0,,
21-159426,,2022-01-10 14:00:00,,CF_NIV_SUIV,,,,
21-159428,,2022-01-11 11:00:00,,CF_NIV_SUIV,,4.0,,
21-159431,,2022-01-12 11:00:00,,CF_NIV_SUIV,,6.0,,
21-159432,,2022-01-04 11:00:00,,CF_NIV_SUIV,,,,
21-159433,,2022-01-10 11:00:00,,CF_NIV_SUIV,,6.0,,
21-159436,,2022-01-17 15:00:00,,CF_NIV_SUIV,,,,
21-159437,,2022-01-14 15:00:00,,CF_NIV_SUIV,,8.0,,
21-159438,,2021-12-24 15:00:00,,CF_NIV_SUIV,,,90.0,
21-159440,,2021-12-22 10:00:00,,CF_NIV_SUIV,,,,
21-159443,,2022-01-07 11:00:00,,CF_NIV_SUIV,,6.0,,
21-159444,,2022-01-19 11:00:00,,CF_NIV_SUIV,,,180.0,
21-159447,,2022-01-06 11:00:00,,CF_NIV_SUIV,,4.0,,
21-159451,,2022-01-07 15:00:00,,CF_NIV_SUIV,,6.0,,
21-159452,,2021-12-17 14:00:00,,CF_NIV_SUIV,,6.0,,
21-159453,,2022-01-10 10:30:00,,CF_NIV_SUIV,,,120.0,
21-159454,,2022-02-15 11:00:00,,CF_NIV_SUIV,,5.0,,
21-159463,2022-01-10 16:00:00,,,CF_NIV_SUIV,,,180.0,
21-159466,,2022-01-20 13:00:00,,CF_NIV_SUIV,,8.0,,
21-159468,,2022-01-07 11:00:00,,CF_NIV_SUIV,,,,
21-159469,,2022-01-17 11:00:00,,CF_NIV_SUIV,,,,
21-159470,,2022-01-10 11:00:00,,CF_NIV_SUIV,,,,
21-159471,,2022-01-03 15:00:00,,CF_NIV_SUIV,,,120.0,
21-159472,,2022-01-14 11:00:00,,CF_NIV_SUIV,,,120.0,
21-159474,,2022-01-14 13:00:00,,CF_NIV_SUIV,,4.0,,
21-159476,,2022-01-12 11:00:00,,CF_NIV_SUIV,,10.0,,
21-159478,,2022-01-18 11:00:00,,CF_NIV_SUIV,,6.0,,
21-159479,,2022-01-11 11:00:00,,CF_NIV_SUIV,,,,
21-159484,,2022-01-05 13:00:00,,CF_NIV_SUIV,,,120.0,
21-159486,,2022-01-06 15:00:00,,CF_NIV_SUIV,,,180.0,
21-159487,,2021-12-27 11:00:00,,CF_NIV_SUIV,,,120.0,
21-159488,,2021-12-21 10:00:00,,CF_NIV_SUIV,,,,
21-159489,,2021-12-06 11:00:00,,CF_NIV_SUIV,,4.0,,
21-159491,,2022-01-14 10:00:00,,CF_NIV_SUIV,,,,
21-159492,,2021-12-27 15:30:00,,CF_NIV_SUIV,,,180.0,
21-159493,,2022-01-07 15:00:00,,CF_NIV_SUIV,,6.0,,
21-159494,,2022-01-10 11:00:00,,CF_NIV_SUIV,,4.0,,
21-159495,,2022-01-17 10:00:00,,CF_NIV_SUIV,,3.0,,
21-159498,,2022-01-11 11:00:00,,CF_NIV_SUIV,,,150.0,
21-159500,,2022-01-21 11:00:00,,CF_NIV_SUIV,,3.0,,
21-159501,,2022-01-14 14:00:00,,CF_NIV_SUIV,,,,
21-159504,,2022-01-06 11:00:00,,CF_NIV_SUIV,,,,
21-159505,2021-12-27 11:00:00,,,CF_NIV_SUIV,,,120.0,
21-159513,,2022-01-07 11:00:00,,CF_NIV_SUIV,,6.0,,
21-159514,,2022-01-11 15:00:00,,CF_NIV_SUIV,,4.0,,
21-159516,,2022-01-05 11:00:00,,CF_NIV_SUIV,,6.0,,
21-159518,,2022-01-17 11:00:00,,CF_NIV_SUIV,,4.0,,
21-159519,,2022-01-03 11:00:00,,CF_NIV_SUIV,,,,
21-159520,,2022-01-14 16:00:00,,CF_NIV_SUIV,,,180.0,
21-159521,,2022-01-07 11:00:00,,CF_NIV_SUIV,,4.0,,
21-159522,,2022-01-05 11:00:00,,CF_NIV_SUIV,,6.0,,
21-159523,,2022-01-03 11:00:00,,CF_NIV_SUIV,,4.0,,
21-159524,,2022-01-03 11:00:00,,CF_NIV_SUIV,,,120.0,
21-159525,,2022-01-21 22:59:00,,CF_NIV_SUIV,,4.0,,
21-159536,,2022-01-14 16:00:00,,CF_NIV_SUIV,,4.0,,
21-159539,,2021-12-28 16:00:00,,CF_NIV_SUIV,,,120.0,
21-159540,,2022-01-03 15:00:00,,CF_NIV_SUIV,,,,
21-159543,,2022-01-17 11:00:00,,CF_NIV_SUIV,,6.0,,
21-159545,,2022-01-12 11:00:00,,CF_NIV_SUIV,,,120.0,
21-159546,,2022-01-04 11:00:00,,CF_NIV_SUIV,,4.0,,
21-159547,,2022-01-14 19:00:00,,CF_NIV_SUIV,,,,
21-159548,,2022-01-24 11:00:00,,CF_NIV_SUIV,,6.0,,
21-159549,,2022-01-11 11:30:00,,CF_NIV_SUIV,,3.0,,
21-159550,,2022-01-19 11:00:00,,CF_NIV_SUIV,,4.0,,
21-159553,,2022-01-07 11:00:00,,CF_NIV_SUIV,,4.0,,
21-159554,,2022-01-20 11:00:00,,CF_NIV_SUIV,,,,
21-159555,,2022-01-26 13:00:00,,CF_NIV_SUIV,,6.0,,
21-159556,,2021-12-23 11:00:00,,CF_NIV_SUIV,,,180.0,
21-159560,,2022-01-11 11:00:00,,CF_NIV_SUIV,,5.0,,
21-159562,,2022-01-07 11:00:00,,CF_NIV_SUIV,,,,
21-159563,,2022-01-17 11:00:00,,CF_NIV_SUIV,,,,
21-159570,,2022-01-14 11:00:00,,CF_NIV_SUIV,,4.0,,
21-159571,,2022-01-10 22:00:00,,CF_NIV_SUIV,,4.0,,
21-159572,,2022-01-05 16:00:00,,CF_NIV_SUIV,,,90.0,
21-159573,,2022-01-10 11:00:00,,CF_NIV_SUIV,,,,
21-159574,,2022-01-18 11:00:00,,CF_NIV_SUIV,,,,
21-159575,,2022-01-17 11:00:00,,CF_NIV_SUIV,,4.0,,
21-159577,,2022-01-06 11:00:00,,CF_NIV_SUIV,,,,
21-159579,,2022-01-21 11:00:00,,CF_NIV_SUIV,,6.0,,
21-159580,,2022-01-04 16:00:00,,CF_NIV_SUIV,,4.0,,
21-159581,,2022-01-17 11:00:00,,CF_NIV_SUIV,,,,
21-159582,,2022-01-14 15:00:00,,CF_NIV_SUIV,,,90.0,
21-159583,,2022-01-07 11:00:00,,CF_NIV_SUIV,,6.0,,
21-159584,,2022-01-10 10:00:00,,CF_NIV_SUIV,,4.0,,
21-159586,,2022-01-07 11:00:00,,CF_NIV_SUIV,,4.0,,
21-159587,,2022-01-07 11:00:00,,CF_NIV_SUIV,,6.0,,
21-159588,,2022-01-04 15:00:00,,CF_NIV_SUIV,,4.0,,
21-159590,,2022-01-21 15:00:00,,CF_NIV_SUIV,,6.0,,
21-159591,,2022-01-10 11:00:00,,CF_NIV_SUIV,,3.0,,
21-159592,,2022-01-07 09:04:00,,CF_NIV_SUIV,,4.0,,
21-159602,,2022-02-03 14:00:00,,CF_NIV_SUIV,,6.0,,
21-159603,,2022-01-14 17:00:00,,CF_NIV_SUIV,,,,
21-159605,,2021-12-28 11:00:00,,CF_NIV_SUIV,,,90.0,
21-159609,,2022-01-13 11:00:00,,CF_NIV_SUIV,,4.0,,
21-159610,,2022-01-07 11:00:00,,CF_NIV_SUIV,,,90.0,
21-159611,,2022-01-05 16:00:00,,CF_NIV_SUIV,,,150.0,
21-159612,,2022-01-04 15:00:00,,CF_NIV_SUIV,,,,
21-159613,,2022-01-04 15:00:00,,CF_NIV_SUIV,,,,
21-159614,2022-01-03 22:59:00,2022-01-04 22:59:00,,CF_NIV_SUIV,,,120.0,
21-159617,,2022-01-25 14:00:00,,CF_NIV_SUIV,,6.0,,
21-159620,,2022-01-10 11:00:00,,CF_NIV_SUIV,,6.0,,
21-159626,,2022-01-28 15:00:00,,CF_NIV_SUIV,,3.0,,
21-159629,,2022-01-07 15:00:00,,CF_NIV_SUIV,,6.0,,
21-159630,,2021-12-27 15:00:00,,CF_NIV_SUIV,,4.0,,
21-159631,,2022-01-14 15:00:00,,CF_NIV_SUIV,,,120.0,
21-159633,,2021-12-16 17:00:00,,CF_NIV_SUIV,,,180.0,
21-159635,,2022-01-17 11:00:00,,CF_NIV_SUIV,,3.0,,
21-159637,,2022-01-17 16:00:00,,CF_NIV_SUIV,,,180.0,
21-159641,,2022-01-10 15:00:00,,CF_NIV_SUIV,,,,
21-159646,,2022-01-07 09:00:00,,CF_NIV_SUIV,,6.0,,
21-159648,,2022-01-06 11:00:00,,CF_NIV_SUIV,,,90.0,
21-159649,,2022-01-10 11:00:00,,CF_NIV_SUIV,,,,
21-159651,,2022-01-10 11:00:00,,CF_NIV_SUIV,,,120.0,
21-159652,,2022-01-27 11:00:00,2022-02-09 23:00:00,CF_NIV_SUIV,,5.0,,
21-159653,,2022-01-06 15:00:00,,CF_NIV_SUIV,,4.0,,
21-159654,,2022-01-03 13:00:00,,CF_NIV_SUIV,,5.0,,
21-159660,,2021-12-23 11:00:00,,CF_NIV_SUIV,,,90.0,
21-159661,,2022-01-17 15:00:00,,CF_NIV_SUIV,,4.0,,
21-159662,,2022-01-04 11:00:00,,CF_NIV_SUIV,,,,
21-159663,,2022-01-25 15:00:00,,CF_NIV_SUIV,,,,
21-159664,,2022-01-10 11:00:00,,CF_NIV_SUIV,,,120.0,
21-159666,,2022-01-21 15:00:00,,CF_NIV_SUIV,,4.0,,
21-159669,,2022-01-10 11:00:00,,CF_NIV_SUIV,,8.0,,
21-159673,2021-12-13 15:00:00,,,CF_NIV_SUIV,,,90.0,
21-159674,,2022-01-07 16:00:00,,CF_NIV_SUIV,,4.0,,
21-159675,,2022-01-26 11:00:00,,CF_NIV_SUIV,,,180.0,
21-159681,,2022-01-10 15:00:00,,CF_NIV_SUIV,,,,
21-159682,,2022-01-12 11:00:00,,CF_NIV_SUIV,,5.0,,
21-159684,,2022-01-05 11:00:00,,CF_NIV_SUIV,,,120.0,
21-159685,,2022-01-12 09:00:00,,CF_NIV_SUIV,,,,
21-159686,,2022-01-10 11:00:00,,CF_NIV_SUIV,,4.0,,
21-159687,,2022-01-20 23:00:00,,CF_NIV_SUIV,,,,
21-159688,,2022-01-03 11:00:00,,CF_NIV_SUIV,,,,
21-159691,,2021-12-28 15:00:00,,CF_NIV_SUIV,,,,
21-159692,,2022-01-07 08:00:00,,CF_NIV_SUIV,,4.0,,
21-159695,,2022-01-06 11:00:00,,CF_NIV_SUIV,,,120.0,
21-159697,,2021-12-27 15:30:00,,CF_NIV_SUIV,,,180.0,
21-159698,,2022-02-08 11:00:00,,CF_NIV_SUIV,,6.0,,
21-159700,,2022-01-03 11:00:00,,CF_NIV_SUIV,,6.0,,
21-159701,,2022-01-25 11:00:00,,CF_NIV_SUIV,,6.0,,
21-159702,,2022-01-10 15:00:00,,CF_NIV_SUIV,,5.0,,
21-159703,,2022-01-31 15:00:00,,CF_NIV_SUIV,,5.0,,
21-159704,,2022-01-10 15:00:00,,CF_NIV_SUIV,,5.0,,
21-159706,,2022-01-03 11:00:00,,CF_NIV_SUIV,,4.0,,
21-159707,,2022-01-10 11:00:00,,CF_NIV_SUIV,,4.0,,
21-159708,,2022-01-04 11:00:00,,CF_NIV_SUIV,,3.0,,
21-159709,,2022-01-12 11:00:00,,CF_NIV_SUIV,,,,
21-159710,,2022-01-10 11:00:00,,CF_NIV_SUIV,,6.0,,
21-159712,,2021-12-23 11:00:00,,CF_NIV_SUIV,,,180.0,
21-159713,,2022-01-04 11:00:00,,CF_NIV_SUIV,,4.0,,
21-159714,,2022-01-12 16:00:00,,CF_NIV_SUIV,,,120.0,
21-159718,,2022-01-07 11:00:00,,CF_NIV_SUIV,,4.0,,
21-159720,,2022-02-08 11:00:00,,CF_NIV_SUIV,,6.0,,
21-159723,,2022-02-01 11:00:00,,CF_NIV_SUIV,,,,
21-159724,,2021-12-22 11:00:00,,CF_NIV_SUIV,,,180.0,
21-159725,,2022-01-07 11:00:00,,CF_NIV_SUIV,,6.0,,
21-159726,,2022-01-24 11:00:00,,CF_NIV_SUIV,,6.0,,
21-159728,,2022-01-05 16:00:00,,CF_NIV_SUIV,,,150.0,
21-159730,,2022-01-26 15:00:00,,CF_NIV_SUIV,,9.0,,
21-159731,,2022-01-04 10:00:00,,CF_NIV_SUIV,,,180.0,
21-159733,,2022-01-28 15:00:00,,CF_NIV_SUIV,,,180.0,
21-159735,,2021-12-22 13:00:00,,CF_NIV_SUIV,,3.0,,
21-159737,,2021-12-30 14:00:00,,CF_NIV_SUIV,,,,
21-159741,,2022-01-07 11:00:00,,CF_NIV_SUIV,,8.0,,
21-159742,,2022-01-13 11:00:00,,CF_NIV_SUIV,,6.0,,
21-159745,,2022-01-26 16:00:00,,CF_NIV_SUIV,,4.0,,
21-159750,,2022-01-21 11:00:00,,CF_NIV_SUIV,,,,
21-159751,,2022-01-04 10:00:00,,CF_NIV_SUIV,,4.0,,
21-159752,,2022-01-14 16:00:00,,CF_NIV_SUIV,,4.0,,
21-159753,,2022-01-03 11:00:00,,CF_NIV_SUIV,,2.0,,
21-159754,,2022-01-07 11:00:00,,CF_NIV_SUIV,,,,
21-159755,,2022-01-14 11:00:00,,CF_NIV_SUIV,,,180.0,
21-159757,,2022-01-11 11:00:00,,CF_NIV_SUIV,,,,
21-159758,,2022-01-07 17:30:00,,CF_NIV_SUIV,,,,
21-159759,,2022-01-07 09:00:00,,CF_NIV_SUIV,,6.0,,
21-159760,,2022-01-17 11:00:00,,CF_NIV_SUIV,,4.0,,
21-159761,,2022-01-05 11:00:00,,CF_NIV_SUIV,,,120.0,
21-159762,,2022-01-04 11:00:00,,CF_NIV_SUIV,,,120.0,
21-159765,,2021-12-27 16:00:00,,CF_NIV_SUIV,,,,
21-159766,2022-01-07 14:00:00,,,CF_NIV_SUIV,,5.0,,
21-159767,,2022-01-10 11:00:00,,CF_NIV_SUIV,,4.0,,
21-159768,,2022-01-05 11:00:00,,CF_NIV_SUIV,,,,
21-159770,,2022-01-04 16:30:00,,CF_NIV_SUIV,,,150.0,
21-159776,,2022-01-13 16:00:00,,CF_NIV_SUIV,,6.0,,
21-159777,,2022-01-27 23:00:00,,CF_NIV_SUIV,,,,
21-159778,,2021-12-23 11:00:00,,CF_NIV_SUIV,,,,
21-159780,,2022-01-18 11:00:00,,CF_NIV_SUIV,,8.0,,
21-159781,,2022-01-13 10:00:00,,CF_NIV_SUIV,,,,
21-159783,,2022-01-03 15:00:00,,CF_NIV_SUIV,,,,
21-159784,,2022-01-04 15:00:00,,CF_NIV_SUIV,,6.0,,
21-159787,2022-01-17 11:00:00,,,CF_NIV_SUIV,,,,
21-159789,,2022-01-17 15:00:00,,CF_NIV_SUIV,,4.0,,
21-159792,,2022-01-14 11:00:00,,CF_NIV_SUIV,,6.0,,
21-159793,,2021-12-23 11:00:00,,CF_NIV_SUIV,,,180.0,
21-159794,,2021-12-29 15:00:00,,CF_NIV_SUIV,,,120.0,
21-159796,,2022-01-03 11:00:00,,CF_NIV_SUIV,,,150.0,
21-159797,,2022-01-19 11:00:00,,CF_NIV_SUIV,,,120.0,
21-159798,,2022-01-05 11:00:00,,CF_NIV_SUIV,,5.0,,
21-159799,,2022-01-10 13:00:00,,CF_NIV_SUIV,,5.0,,
21-159800,,2021-12-20 11:00:00,,CF_NIV_SUIV,,4.0,,
21-159801,,2022-01-21 14:00:00,,CF_NIV_SUIV,,5.0,,
21-159802,,2022-01-21 16:00:00,,CF_NIV_SUIV,,4.0,,
21-159803,,2022-01-11 11:00:00,,CF_NIV_SUIV,,6.0,,
21-159804,,2022-01-06 11:00:00,,CF_NIV_SUIV,,,150.0,
21-159805,,2021-12-24 11:00:00,,CF_NIV_SUIV,,,120.0,
21-159806,,2022-01-18 11:00:00,,CF_NIV_SUIV,,3.0,,
21-159807,,2021-12-24 11:00:00,,CF_NIV_SUIV,,6.0,,
21-159808,,2021-12-27 15:00:00,,CF_NIV_SUIV,,,120.0,
21-159819,,2022-01-14 11:00:00,,CF_NIV_SUIV,,6.0,,
21-159821,,2022-01-06 16:00:00,,CF_NIV_SUIV,,,120.0,
21-159822,,2021-12-24 15:00:00,,CF_NIV_SUIV,,,180.0,
21-159824,,2022-01-06 15:00:00,,CF_NIV_SUIV,,6.0,,
21-159826,,2022-01-18 14:00:00,,CF_NIV_SUIV,,,,
21-159827,,2022-01-14 11:00:00,,CF_NIV_SUIV,,,180.0,
21-159828,,2022-01-07 16:00:00,,CF_NIV_SUIV,,4.0,,
21-159829,,2022-01-10 17:00:00,,CF_NIV_SUIV,,,,
21-159830,,2022-01-12 15:00:00,,CF_NIV_SUIV,,,,
21-159833,,2022-01-21 17:00:00,,CF_NIV_SUIV,,,,
21-159835,,2022-01-28 16:00:00,,CF_NIV_SUIV,,,200.0,
21-159836,,2021-12-17 11:00:00,,CF_NIV_SUIV,,,90.0,
21-159837,,2022-01-12 07:00:00,,CF_NIV_SUIV,,,,
21-159838,,2022-01-03 10:00:00,,CF_NIV_SUIV,,,120.0,
21-159839,,2022-01-13 11:00:00,,CF_NIV_SUIV,,4.0,,
21-159840,,2022-02-04 11:00:00,,CF_NIV_SUIV,,,120.0,
21-159841,,2022-01-12 11:00:00,,CF_NIV_SUIV,,3.0,,
21-159842,,2021-12-23 11:00:00,,CF_NIV_SUIV,,4.0,,
21-159845,,2021-12-29 10:00:00,,CF_NIV_SUIV,,,,
21-159846,,2022-01-05 11:00:00,2022-01-23 23:00:00,CF_NIV_SUIV,,4.0,,
21-159848,,2022-01-07 16:00:00,,CF_NIV_SUIV,,,120.0,
21-159849,,2022-01-10 16:00:00,,CF_NIV_SUIV,,,,
21-159850,,2021-12-20 11:00:00,,CF_NIV_SUIV,,4.0,,
21-159851,,2022-01-03 11:00:00,,CF_NIV_SUIV,,,120.0,
21-159852,,2021-12-23 13:00:00,,CF_NIV_SUIV,,,,
21-159854,,2022-01-06 10:30:00,,CF_NIV_SUIV,,,,
21-159855,,2021-12-23 11:00:00,,CF_NIV_SUIV,,,90.0,
21-159856,,2022-01-05 11:00:00,,CF_NIV_SUIV,,4.0,,
21-159859,,2022-01-06 11:00:00,,CF_NIV_SUIV,,4.0,,
21-159861,,2022-01-19 11:00:00,,CF_NIV_SUIV,,,,
21-159862,,2022-01-12 11:00:00,,CF_NIV_SUIV,,5.0,,
21-159863,,2022-01-07 11:00:00,,CF_NIV_SUIV,,5.0,,
21-159864,,2022-01-07 12:00:00,,CF_NIV_SUIV,,6.0,,
21-159865,,2022-01-04 16:00:00,,CF_NIV_SUIV,,,90.0,
21-159867,,2021-12-23 16:30:00,,CF_NIV_SUIV,,6.0,,
21-159872,,2022-01-07 11:00:00,,CF_NIV_SUIV,,4.0,,
21-159873,,2022-01-13 11:00:00,,CF_NIV_SUIV,,12.0,,
21-159874,,2022-01-07 15:00:00,,CF_NIV_SUIV,,4.0,,
21-159875,,2022-01-14 16:00:00,,CF_NIV_SUIV,,,150.0,
21-159876,,2022-01-14 11:00:00,,CF_NIV_SUIV,,4.0,,
21-159878,,2022-01-03 11:00:00,,CF_NIV_SUIV,,4.0,,
21-159879,,2021-12-28 15:00:00,,CF_NIV_SUIV,,,120.0,
21-159881,,2022-01-26 16:00:00,2022-03-15 23:00:00,CF_NIV_SUIV,,,,
21-159882,,2022-01-06 11:00:00,,CF_NIV_SUIV,,,120.0,
21-159886,,2022-01-10 11:00:00,,CF_NIV_SUIV,,4.0,,
21-159888,,2021-12-21 11:00:00,,CF_NIV_SUIV,,4.0,,
21-159890,,2022-01-07 11:00:00,,CF_NIV_SUIV,,,180.0,
21-159892,,2022-01-05 11:00:00,,CF_NIV_SUIV,,4.0,,
21-159893,2022-01-11 11:00:00,,2022-01-24 23:00:00,CF_NIV_SUIV,,,180.0,
21-159894,,2022-01-13 10:30:00,,CF_NIV_SUIV,,,180.0,
21-159895,,2022-01-19 11:00:00,,CF_NIV_SUIV,,6.0,,
21-159899,,2022-01-14 11:00:00,,CF_NIV_SUIV,,6.0,,
21-159908,,2022-01-06 16:00:00,,CF_NIV_SUIV,,,90.0,
21-159910,,2022-01-10 10:00:00,,CF_NIV_SUIV,,,,
21-159914,,2021-12-16 11:00:00,,CF_NIV_SUIV,,,120.0,
21-159924,,2022-01-12 11:00:00,,CF_NIV_SUIV,,,,
21-49474,,2022-01-03 11:00:00,,CF_NIV_SUIV,,6.0,,
21-62441,,2021-12-20 11:00:00,,CF_NIV_SUIV,,,,
21-67189,,2022-01-17 10:00:00,,CF_NIV_SUIV,,6.0,,
